ply,player,actor,row0,col0,row,col,seconds,forced_policy_stage,simulation_mode,selected_simulations,best_root_tactical_score,v6_selected_threat_type,v6_selected_reasons,v7_own_vcf_found,v7_safety_removed,v7_safety_inconclusive,v7_self_forbidden_penalized,v7_stage4_tiebreak_applied,v7_module_seconds,v8_route,v8_changed,v8_v7_move,v8_attack_status,v8_attack_move,v8_attack_seconds,v8_vct_seconds,v8_vct_budget_exhausted,v8_attack_budget_exhausted,v8_root_rank,v8_root_seconds,v8_root_budget_exhausted,vct2_checked,vct2_switched,vct2_nodes,vct2_seconds,board_hash
1,BLACK,OPENING_RULE,7,7,8,8,,,,,,,[],,,,,,,,,,,,,,,,,,,,,,,eb3218584d8405d2
2,WHITE,HUMAN,8,8,9,9,,,,,,,[],,,,,,,,,,,,,,,,,,,,,,,25767e3750c6ba36
3,BLACK,S3-VCT2-v1,8,7,9,8,1.6504528999794275,,normal,50,138,,[],False,0,0,0,False,0.05636200000299141,tree,False,"[9, 8]",,,0.03204610000830144,0.0,False,False,1,0.2733567000250332,False,"[[9, 8, ""SAFE""]]",False,0,0.025139300036244094,8cfd7b601dca4aa1
4,WHITE,HUMAN,6,7,7,8,,,,,,,[],,,,,,,,,,,,,,,,,,,,,,,a597acd2c8f520a9
5,BLACK,S3-VCT2-v1,7,8,8,9,1.7135921999579296,,normal,50,276,,[],False,0,0,0,False,0.057961200014688075,tree,False,"[8, 9]",,,0.03171489998931065,0.0,False,False,1,0.2737421999918297,False,"[[8, 9, ""SAFE""]]",False,0,0.02301949996035546,3b55cfd68485a501
6,WHITE,HUMAN,7,10,8,11,,,,,,,[],,,,,,,,,,,,,,,,,,,,,,,49c237221153de36
7,BLACK,S3-VCT2-v1,7,6,8,7,1.638288600021042,,normal,50,868,,[],False,0,0,0,False,0.10462709999410436,tree,False,"[8, 7]",,,0.07480300002498552,0.0,False,False,1,0.2868247999576852,False,"[[8, 7, ""SAFE""]]",False,0,0.024470600008498877,252d39548a145d10
8,WHITE,HUMAN,7,5,8,6,,,,,,,[],,,,,,,,,,,,,,,,,,,,,,,76b59c9f159f8e8d
9,BLACK,S3-VCT2-v1,9,6,10,7,1.6260132999741472,,normal,50,840,,[],False,0,0,0,False,0.11385309998877347,tree,False,"[10, 7]",,,0.08566340000834316,0.0,False,False,1,0.2993502999888733,False,"[[10, 7, ""SAFE""]]",False,0,0.023557999986223876,e806128172a42c3e
10,WHITE,HUMAN,10,5,11,6,,,,,,,[],,,,,,,,,,,,,,,,,,,,,,,7fc285fa2838cf94
11,BLACK,S3-VCT2-v1,9,5,10,6,1.801415800000541,,normal,50,1530,,[],False,0,0,0,False,0.2247829000116326,tree,False,"[10, 6]",,,0.19405629998072982,0.0,False,False,1,0.3298744999920018,False,"[[10, 6, ""SAFE""]]",False,0,0.021867599978577346,e2202964ef73fe47
12,WHITE,HUMAN,9,7,10,8,,,,,,,[],,,,,,,,,,,,,,,,,,,,,,,84f718dca32aec74
13,BLACK,S3-VCT2-v1,10,6,11,7,1.9461029000231065,,normal,50,1530,,[],False,0,0,0,False,0.3279417000012472,tree,False,"[11, 7]",,,0.28033089998643845,0.0,False,False,1,0.35220369999296963,False,"[[11, 7, ""SAFE""]]",False,44,0.13012230000458658,f58d90b3ecff30f7
14,WHITE,HUMAN,8,6,9,7,,,,,,,[],,,,,,,,,,,,,,,,,,,,,,,53e3e2f0d7ee90ef
15,BLACK,S3-VCT2-v1,10,8,11,9,0.7254237000015564,4,,0,,,[],False,0,0,0,False,0.12211160000879318,stage4,False,"[11, 9]",,,0.11637790000531822,0.5987884000060149,False,False,0,0.0,False,,False,0,0.0,75f4cf795c265604
16,WHITE,HUMAN,9,8,10,9,,,,,,,[],,,,,,,,,,,,,,,,,,,,,,,55eaf88834d1b142
17,BLACK,S3-VCT2-v1,11,7,12,8,7.1775772999972105,,normal,50,1530,,[],False,0,0,0,False,0.1125643000123091,tree,False,"[12, 8]",,,0.07834229996660724,0.0,False,False,1,1.277564100048039,False,"[[12, 8, ""UNKNOWN""]]",False,10000,4.553224899980705,90813abcbf4c08c6
18,WHITE,HUMAN,8,4,9,5,,,,,,,[],,,,,,,,,,,,,,,,,,,,,,,76351ab55836fdd3
19,BLACK,S3-VCT2-v1,12,8,13,9,120.87146080000093,,normal,50,1530,,[],False,0,0,0,False,1.4216209999867715,tree,False,"[13, 9]",,,1.3805147999664769,0.0,False,False,1,113.41642279998632,True,"[[13, 9, ""UNKNOWN""]]",False,10000,4.854175500047859,8c7561bc63d704f5
20,WHITE,HUMAN,13,9,14,10,,,,,,,[],,,,,,,,,,,,,,,,,,,,,,,e37b7806f5d41898
21,BLACK,S3-VCT2-v1,6,4,7,5,124.3971166999545,,normal,50,1530,,[],False,0,0,0,False,0.21988140000030398,tree,True,"[13, 7]",,,0.18478670000331476,0.0,False,False,3,118.1666225999943,False,"[[7, 5, ""UNKNOWN""]]",False,10000,4.839051399962045,41719ad85df6dadb
22,WHITE,HUMAN,6,6,7,7,,,,,,,[],,,,,,,,,,,,,,,,,,,,,,,3da02720745bb26c
23,BLACK,S3-VCT2-v1,5,7,6,8,3.448229400033597,4,,0,,,[],False,0,0,0,False,0.18343309999909252,stage4,False,"[6, 8]",,,0.17687730002216995,3.25810909998836,False,False,0,0.0,False,,False,0,0.0,1332686f012af72c
24,WHITE,HUMAN,6,9,7,10,,,,,,,[],,,,,,,,,,,,,,,,,,,,,,,8fed09caad5ac3c0
25,BLACK,S3-VCT2-v1,6,8,7,9,0.7498677999828942,4,,0,,,[],False,0,0,0,False,0.08090620004804805,stage4,False,"[7, 9]",,,0.07703810004750267,0.66486800002167,False,False,0,0.0,False,,False,0,0.0,5b2231942f7334d5
26,WHITE,HUMAN,9,3,10,4,,,,,,,[],,,,,,,,,,,,,,,,,,,,,,,caa1327ceb576e8b
27,BLACK,S3-VCT2-v1,10,2,11,3,0.0009175000013783574,2,,0,,,[],False,0,0,0,False,0.0,stage2,False,"[11, 3]",,,0.0,0.0,False,False,0,0.0,False,,False,0,0.0,6e7e53e1ef2b4069
28,WHITE,HUMAN,8,11,9,12,,,,,,,[],,,,,,,,,,,,,,,,,,,,,,,1fe6a5299f132e99
29,BLACK,S3-VCT2-v1,5,8,6,9,6.401182400004473,4,,0,,,[],False,0,0,0,False,0.5129839000292122,stage4,False,"[6, 9]",,,0.5086165000102483,5.882555399963167,False,False,0,0.0,False,,False,0,0.0,b0ac3d38995e3c58
30,WHITE,HUMAN,7,9,8,10,,,,,,,[],,,,,,,,,,,,,,,,,,,,,,,a26f4141bebb2138
31,BLACK,S3-VCT2-v1,8,9,9,10,2.5706304000341333,5,,0,,,[],False,0,0,0,False,0.29770639998605475,stage5,False,"[9, 10]",,,0.2963306999881752,2.2706454999861307,False,False,0,0.0,False,,False,0,0.0,edbc9ffb55206471
32,WHITE,HUMAN,5,9,6,10,,,,,,,[],,,,,,,,,,,,,,,,,,,,,,,722f43df48bfc6e4
33,BLACK,S3-VCT2-v1,4,8,5,9,95.42307299998356,,normal,50,1604,,[],False,0,0,0,False,0.32269699999596924,tree,False,"[5, 9]",,,0.18012929998803884,0.0,False,False,1,89.62566449999576,False,"[[5, 9, ""UNKNOWN""]]",False,10000,4.163514400017448,50edc669860c0ae5
34,WHITE,HUMAN,3,8,4,9,,,,,,,[],,,,,,,,,,,,,,,,,,,,,,,878c90a37340a9a4
35,BLACK,S3-VCT2-v1,6,10,7,11,3.8852115999907255,,normal,50,1492,,[],False,0,0,0,False,0.17876139999134466,tree,False,"[7, 11]",,,0.06972590001532808,0.0,False,False,1,1.9487289999960922,False,"[[7, 11, ""SAFE""]]",False,352,0.29910830000881106,cc39cdbd725b2d3e
36,WHITE,HUMAN,7,11,8,12,,,,,,,[],,,,,,,,,,,,,,,,,,,,,,,bb3ba6677557d160
37,BLACK,S3-VCT2-v1,7,12,8,13,18.626491000002716,,normal,50,1496,,[],False,15,0,0,False,0.5809195999754593,tree,False,"[8, 13]",,,0.06138019997160882,0.0,False,False,1,11.975690399995074,False,"[[8, 13, ""UNKNOWN""]]",False,10000,4.541037399962079,258d6716ef97389b
38,WHITE,HUMAN,6,11,7,12,,,,,,,[],,,,,,,,,,,,,,,,,,,,,,,470d914e08abd009
39,BLACK,S3-VCT2-v1,5,11,6,12,85.07111110002734,4,,0,,,[],False,0,0,0,False,0.7800016999826767,stage4,False,"[6, 12]",,,0.06195200001820922,84.28581510001095,True,False,0,0.0,False,,False,0,0.0,3702369d107ea5b7
40,WHITE,HUMAN,9,11,10,12,,,,,,,[],,,,,,,,,,,,,,,,,,,,,,,1c7655ae38910135
41,BLACK,S3-VCT2-v1,10,11,11,12,0.0011054999777115881,2,,0,,,[],False,0,0,0,False,0.0,stage2,False,"[11, 12]",,,0.0,0.0,False,False,0,0.0,False,,False,0,0.0,34321cfe1892cdd8
42,WHITE,HUMAN,9,10,10,11,,,,,,,[],,,,,,,,,,,,,,,,,,,,,,,2c1571593b0374ea
43,BLACK,S3-VCT2-v1,9,9,10,10,0.0009133000276051462,2,,0,,,[],False,0,0,0,False,0.0,stage2,False,"[10, 10]",,,0.0,0.0,False,False,0,0.0,False,,False,0,0.0,69f5574b66980c29
44,WHITE,HUMAN,9,12,10,13,,,,,,,[],,,,,,,,,,,,,,,,,,,,,,,a2547c92eee43ae7
45,BLACK,S3-VCT2-v1,10,13,11,14,0.0010038000182248652,2,,0,,,[],False,0,0,0,False,0.0,stage2,False,"[11, 14]",,,0.0,0.0,False,False,0,0.0,False,,False,0,0.0,f95f34a960c12497
46,WHITE,HUMAN,9,13,10,14,,,,,,,[],,,,,,,,,,,,,,,,,,,,,,,a8e6f4bf5a47bf7f
47,BLACK,S3-VCT2-v1,9,14,10,15,0.0009277999633923173,2,,0,,,[],False,0,0,0,False,0.0,stage2,False,"[10, 15]",,,0.0,0.0,False,False,0,0.0,False,,False,0,0.0,cad980db77d0add7
48,WHITE,HUMAN,8,10,9,11,,,,,,,[],,,,,,,,,,,,,,,,,,,,,,,58f035146c033ad3
49,BLACK,S3-VCT2-v1,10,12,11,13,84.94827630004147,,normal,50,1550,,[],False,0,0,0,False,1.5766791999922134,tree,True,"[13, 7]",,,0.0266818999662064,0.0,False,False,2,81.61748359998455,False,"[[11, 13, ""SAFE""]]",False,780,0.4099573999992572,a12ffca391c00ebd
50,WHITE,HUMAN,10,14,11,15,,,,,,,[],,,,,,,,,,,,,,,,,,,,,,,b17d614642b78797
51,BLACK,S3-VCT2-v1,11,8,12,9,7.489778799994383,,normal,50,1578,,[],False,1,0,0,False,0.11558959999820217,tree,False,"[12, 9]",,,0.026931400003377348,0.0,False,False,1,5.877016899990849,False,"[[12, 9, ""SAFE""]]",False,378,0.26832880004076287,6c38fccffdb5f6e8
52,WHITE,HUMAN,4,9,5,10,,,,,,,[],,,,,,,,,,,,,,,,,,,,,,,c3fc4cba1c3d357f
53,BLACK,S3-VCT2-v1,3,9,4,10,0.001046299992594868,2,,0,,,[],False,0,0,0,False,0.0,stage2,False,"[4, 10]",,,0.0,0.0,False,False,0,0.0,False,,False,0,0.0,e0f8c56d67203499
54,WHITE,HUMAN,5,10,6,11,,,,,,,[],,,,,,,,,,,,,,,,,,,,,,,2e2bf53079ec03a2
55,BLACK,S3-VCT2-v1,2,7,3,8,0.0011069999891333282,2,,0,,,[],False,0,0,0,False,0.0,stage2,False,"[3, 8]",,,0.0,0.0,False,False,0,0.0,False,,False,0,0.0,57497f6ce8cb6363
56,WHITE,HUMAN,11,6,12,7,,,,,,,[],,,,,,,,,,,,,,,,,,,,,,,9095ec32a898fc8e
57,BLACK,S3-VCT2-v1,12,9,13,10,15.578509099956136,,,0,,,[],False,0,0,0,False,15.576386300032027,own_vct,True,,WIN,"[13, 10]",15.534595900040586,0.0,False,False,0,0.0,False,,False,0,0.0,c856bc9ad159013c
58,WHITE,HUMAN,10,7,11,8,,,,,,,[],,,,,,,,,,,,,,,,,,,,,,,a80004cdbd8086dc
59,BLACK,S3-VCT2-v1,1,11,2,12,0.006087000016123056,,,0,,,[],True,0,0,0,False,0.0038326000212691724,own_vcf,False,"[2, 12]",,,0.0,0.0,False,False,0,0.0,False,,False,0,0.0,5c2818cec0983451
60,WHITE,HUMAN,2,10,3,11,,,,,,,[],,,,,,,,,,,,,,,,,,,,,,,05ba3a259312b11f
61,BLACK,S3-VCT2-v1,10,9,11,10,0.00534109998261556,,,0,,,[],True,0,0,0,False,0.0031190000008791685,own_vcf,False,"[11, 10]",,,0.0,0.0,False,False,0,0.0,False,,False,0,0.0,265b797765e5df30
62,WHITE,HUMAN,11,9,12,10,,,,,,,[],,,,,,,,,,,,,,,,,,,,,,,fe4739f5b63dddc0
63,BLACK,S3-VCT2-v1,12,6,13,7,0.004974699986632913,,,0,,,[],True,0,0,0,False,0.0025922999484464526,own_vcf,False,"[13, 7]",,,0.0,0.0,False,False,0,0.0,False,,False,0,0.0,4041c32821a53849
64,WHITE,HUMAN,13,5,14,6,,,,,,,[],,,,,,,,,,,,,,,,,,,,,,,633a5286e0bb64f3
65,BLACK,S3-VCT2-v1,12,7,13,8,0.0015361999976448715,3,,0,,,[],False,0,0,0,False,0.0,stage3,False,"[13, 8]",,,0.0,0.0,False,False,0,0.0,False,,False,0,0.0,73e0a5a8ab95c1c8
66,WHITE,HUMAN,12,5,13,6,,,,,,,[],,,,,,,,,,,,,,,,,,,,,,,b5d0529fc8b30599
67,BLACK,S3-VCT2-v1,12,10,13,11,0.00073490000795573,1,,0,,,[],False,0,0,0,False,0.0,stage1,False,"[13, 11]",,,0.0,0.0,False,False,0,0.0,False,,False,0,0.0,495651c3489705a2
